feature,importance
dept_encoded,0.07573030479096514
job_encoded,0.04032236382543268
experience_years,0.028128848768239154
education_encoded,0.017555682547597783
