department,Filled,Vacant,vacancy_rate
Finance,8,6,0.42857142857142855
Human Resources,13,5,0.2777777777777778
IT,5,6,0.5454545454545454
Operations,8,6,0.42857142857142855
Planning,13,4,0.23529411764705882
Public Works,4,5,0.5555555555555556
Water Resources,11,6,0.35294117647058826
